<?xml version="1.0" encoding="UTF-8" standalone="yes"?>
<addon id="plugin.audio.xbmchubmusic4Xbox" name="XBMCHUB Music XBMC4XBOX" version="2.0" provider-name="Mikey1234">
  <requires>
    <import addon="xbmc.python" version="2.0"/>
	<import addon="script.module.simplejson"/>
  </requires>
  <extension point="xbmc.python.pluginsource" library="default.py">
        <provides>audio</provides>
  </extension>
  <extension point="xbmc.addon.metadata">
    <summary lang="en">en</summary>
    <description lang="en">Stream All Of Your Favourite Music</description>
    <platform>xbox</platform>
  </extension>
  <statfeed>
    <working>yes</working>
	<notes>none</notes>
	<maintainer>skatulskijean</maintainer>
    </statfeed>
</addon>
