<?xml version="1.0" encoding="UTF-8" standalone="yes"?>
<addon id="plugin.audio.radio_de4Xbox" name="Radio XBMC4XBOX" version="2.0.1" provider-name="Tristan Fischer (sphere@dersphere.de)">
  <requires>
    <import addon="xbmc.python" version="2.0"/>
    <import addon="script.module.xbmcswift2" version="1.2.0" />
    <import addon="script.module.simplejson" version="2.0.10"/>
  </requires>
  <extension point="xbmc.python.pluginsource" library="addon.py">
    <provides>audio</provides>
  </extension>
  <extension point="xbmc.addon.metadata">
    <language></language>
    <platform>xbox</platform>
    <summary lang="en">Access &gt;4000 radio broadcasts</summary>
    <summary lang="de">Zugriff auf &gt;4000 Radiosender</summary>
    <summary lang="fr">Ecoutez plus de 4000 stations de radio</summary>
    <summary lang="es">Escuche más de 4.000 emisoras de radio</summary>
    <description lang="en">Music plugin to access over 4000 international radio broadcasts from rad.io, radio.de and radio.fr[CR]Currently features[CR]- English, german and french translated[CR]- Browse stations by location, genre, topic, country, city and language[CR]- Search for stations[CR]- 115 genres, 59 topics, 94 countrys, 1010 citys, 63 languages</description>
    <description lang="de">Das Radio im Internet mit über 4000 Radiosendern, Internetradio Stationen, gratis Streams und Podcasts live von rad.io, radio.de und radio.fr.[CR]Features[CR]- Auf deutsch, englisch und französisch übersetzt[CR]- Sortiert nach: in der nähe, Genre, Thema, Land und Sprache[CR]- nach Sendern suchen[CR]- 115 Genre, 59 Themen, 94 Länder, 1010 Städte, 63 Sprachen</description>
    <description lang="fr">Plugin musical pour écouter plus de 4000 stations de radio internationales de rad.io, radio.de et radio.fr[CR]Fonctionnalités[CR]- Traduit en Anglais, Allemand et Français[CR]- Parcourir les stations par genre, thème, pays, ville et langue[CR]- Recherche de stations[CR]- 115 genres, 59 thèmes, 94 pays, 1010 villes, 63 langues</description>
    <description lang="es">Plugin de música para escuchar más de 4.000 emisoras de radio internacionales desde rad.io, radio.de y radio.fr.[CR]Características:[CR]- Traducciones al inglés, alemán, francés y español.[CR]- Buscador de emisoras por ubicación, género, tema, país, ciudad o idioma.[CR]- Buscador de emisoras.[CR]- 115 géneros, 59 temas, 94 países, 1.010 ciudades, 63 idiomas.</description>
  </extension>
  <statfeed>
    <working>yes</working>
	<notes>none</notes>
	<maintainer>skatulskijean</maintainer>
    </statfeed>
</addon>