<?xml version="1.0" encoding="UTF-8" standalone="yes"?>
<addon id="plugin.audio.Sky.fm4Xbox"
       name="Sky.fm XBMC4XBOX"
       version="2.1.0"
       provider-name="qualisoft.dk - Tim C. Steinmetz">
	<requires>
		<import addon="xbmc.python" version="2.0"/>
		<import addon="script.module.simplejson"/>
	</requires>
	<extension point="xbmc.python.pluginsource" library="default.py">
		<provides>audio</provides>
	</extension>
	<extension point="xbmc.addon.metadata">
		<platform>xbox</platform>
		<language>en</language>
		<license>GPL 2.0</license>
   		<summary lang="en">Sky.fm4Xbox</summary>
		<description lang="en">Sky.fm4Xbox Radio features a wide variety of free streaming radio channels. Find your favorites among the best of each class - be it New Age, 80s, Smooth Jazz, New Age, Top40, Hip Hop, Oldies, 70s, Reggae, Lounge or many others inside.
		</description>
		<language/>
	</extension>
	<statfeed>
    <working>yes</working>
	<notes>none</notes>
	<maintainer>skatulskijean</maintainer>
    </statfeed>
</addon>
