<?xml version="1.0" encoding="UTF-8"?>
<addon id="plugin.video.borsentv.dk4Xbox" version="1.0.4" name="Borsen TV XBMC4XBOX" provider-name="twinther [tommy@winther.nu]">
    <requires>
        <import addon="xbmc.python" version="2.0"/>
        <import addon="script.module.buggalo" version="1.0.1"/>
		<import addon="script.module.simplejson" version="2.0.10"/>
		<import addon="script.module.mechanize" version="0.2.5"/>
    </requires>
    <extension point="xbmc.python.pluginsource" library="addon.py">
        <provides>video</provides>
    </extension>
    <extension point="xbmc.addon.metadata">
        <summary lang="en">Borsen TV</summary>
        <description lang="en">Borsen TV is Dagbladet Borsens TV station on the internet that focuses on business and finance, but also covers politics and culture among other things.[CR][CR]If you have comments or suggestions for this addon, please feel free to participate in the debate on my blog at http://tommy.winther.nu</description>
        <summary lang="da">Børsen TV</summary>
        <description lang="da">Børsen TV er Dagbladet Børsens TV kanal på nettet som har fokus på erhvervs- og finansstof, men som også dækker politik, kultur og samfundsøkonomi.[CR][CR]Har du kommentarer, ris eller ros til denne addon er du velkommen til at deltage i debatten på min blog på http://tommy.winther.nu</description>
        <license>GPL 2.0</license>
        <platform>xbox</platform>
        <language>da</language>
    </extension>
	<statfeed>
    <working>yes</working>
	<notes>none</notes>
	<maintainer>skatulskijean</maintainer>
    </statfeed>
</addon>
