<?xml version="1.0" encoding="UTF-8" standalone="yes"?>
<addon id="plugin.audio.di.fm4Xbox"
       name="Digitally Imported XBMC4XBOX"
       version="2.1.0"
       provider-name="qualisoft.dk - Tim C. Steinmetz">
	<requires>
		<import addon="xbmc.python" version="2.0"/>
		<import addon="script.module.simplejson"   version="2.0.0"/>
	</requires>
	<extension point="xbmc.python.pluginsource" library="default.py">
		<provides>audio</provides>
	</extension>
	<extension point="xbmc.addon.metadata">
		<platform>xbox</platform>
		<language>en</language>
		<license>GPL 2.0</license>
   		<summary lang="en">Digitally Imported</summary>
		<description lang="en">Digitally Imported streams the world's most addictive electronic music. Our radio channels feature world renowned artists, DJs, and the hottest exclusive shows. Discover the community and the wide variety of electronic music covering Trance, House, Dance, Techno, Chillout, Breaks, Downtempo and so much more.
		</description>
	</extension>
## Specify the working status of the addon below to be scraped by the status web page
## working field can be "yes" "no" or "half"
    <statfeed>
    <working>yes</working>
	<notes>none</notes>
    <maintainer>skatulskijean</maintainer>
	<description>Digitally Imported streams the world's most addictive electronic music. Our radio channels feature world renowned artists, DJs, and the hottest exclusive shows. Discover the community and the wide variety of electronic music covering Trance, House, Dance, Techno, Chillout, Breaks, Downtempo and so much more.
	</description>
    </statfeed>
	
</addon>
