<?xml version="1.0" encoding="UTF-8" standalone="yes"?>
<addon id="plugin.program.xbmcsvninstaller"
       name="XBMC4Xbox Installer"
       version="2.2.0"
       provider-name="Dan Dar3">
  <requires>
    <import addon="xbmc.python" version="1.0"/>
  </requires>
  <extension point="xbmc.python.pluginsource" library="addon.py">
    <provides>program</provides>
  </extension>
  <extension point="xbmc.addon.metadata">
    <platform>all</platform>   
    <summary lang="en">XBMC news, skins and builds installer from XBMCSVN.com</summary>
    <description lang="en">Easily update your xbox to the latest build of xbmc4xbox from within xbmc</description>
  </extension>
  <statfeed>
    <working>yes</working>
	<notes>XBMC news, skins and builds installer from XBMCSVN.com, Easily update your xbox to the latest build of xbmc4xbox from within xbmc</notes>
	<maintainer>Dan Dar3</maintainer>
  </statfeed>
</addon>