<?xml version="1.0" encoding="UTF-8"?>
<addoninfo>
    <!-- (required) guuid: unique identifier of this addon
    guuids can be generated online at sites such as http://www.famkruithof.net/uuid/uuidgen -->
    <guid>c2c48900-ce80-11df-bd3b-0800200c9a66</guid>

    <!-- (required) type:
    1:  visualization
    2:  skin
    3:  pvrdll
    4:  script
    5:  scraper
    6:  screensaver
    7:  plugin-pvr
    8:  plugin-video
    9:  plugin-music
    10: plugin-program
    11: plugin-pictures
    12: plugin-weather -->
    <type>10</type>

    <!-- (required) Title -->
    <title>XBMC SVN Installer</title>

    <!-- (required) Major.minor.build -->
    <version>2.2</version>

    <!-- (required) author name & email.  at least one author name is required -->
    <authors>
        <author name="Dan Dar3" email="dan.dar33@gmail.com" />
    </authors>

    <!-- (required) Short description of addon. -->
    <summary>XBMC news, skins and builds installer from XBMCSVN.com</summary>

    <!-- Longer descrption of addon.  Usage instructions should go here if required. -->
    <description>XBMC news, skins and builds installer from XBMCSVN.com</description>

    <!-- user defined tags e.g. <tags><tag>Example</tag></tags> -->
    <tags>
        <tag>Addon Installer</tag>
    </tags>

    <!-- minimum revision of xbmc your addon will run on.  Leave blank all for revisions-->
    <minrevision></minrevision>

    <!--patforms compatible with your addon.   xbox, osx, windows, linux, or all -->
    <platforms>
        <platform>xbox</platform>
    </platforms>

    <!-- (optional) The License the addon is released under.-->
    <license>GPL</license>
</addoninfo>