<window>
    <defaultcontrol>30090</defaultcontrol>
    
	<coordinates>
		<system>1</system>
		<posx>260</posx>
		<posy>50</posy>
	</coordinates>
	
	<controls>
		<!-- ** Background image ** -->
		<control type="image">
			<posx>0</posx>
			<posy>0</posy>
			<width>760</width>
			<height>620</height>
			<texture border="20">DialogBack.png</texture>
		</control>
		
		<!-- ** Name ** -->
		<control type="label" id="30010">
			<description>Skin name</description>
			<posx>30</posx>
			<posy>30</posy>
			<width>350</width>
			<align>left</align>
			<font>font13caps_title</font>
            <textcolor>FFFFFFFF</textcolor>
		</control>
		
		<!--  ** Rating stars ** -->
		<control type="image" id="30020">
			<description>Rating stars</description>
			<posx>30</posx>
			<posy>60</posy>
			<width>240</width>
			<height>24</height>
		</control>

		<!-- ** Xbox Compatible (label) ** -->
		<control type="label" id="30030">
			<description>Xbox Compatible (label)</description>
			<posx>520</posx>
			<posy>20</posy>
			<width>100</width>
			<align>left</align>
			<font>font13</font>
            <textcolor>FFFFFFFF</textcolor>
		</control>

		<!-- ** Xbox Compatible (value) ** -->
		<control type="label" id="30040">
			<description>xbox Compatible (value)</description>
			<posx>730</posx>
			<posy>20</posy>
			<width>100</width>
			<align>right</align>
			<font>font13</font>
            <textcolor>FFFFFFFF</textcolor>
		</control>

		<!-- ** Downloads (label) ** -->
		<control type="label" id="30050">
			<description>Downloads (label)</description>
			<posx>520</posx>
			<posy>50</posy>
			<width>130</width>
			<align>left</align>
			<font>font13</font>
            <textcolor>FFFFFFFF</textcolor>
		</control>

		<!-- ** Downloads (value) ** -->
		<control type="label" id="30060">
			<description>Downloads (value)</description>
			<posx>730</posx>
			<posy>50</posy>
			<width>100</width>
			<align>right</align>
			<font>font13</font>
            <textcolor>FFFFFFFF</textcolor>
		</control>
		
		<!-- ** Separator line ** -->
		<control type="image">
			<posx>10</posx>
			<posy>85</posy>
			<width>780</width>
			<height>10</height>
			<aspectratio>stretch</aspectratio>
			<texture>separator.png</texture>
		</control>	
		
		<!-- ** Description ** -->
		<control type="textbox" id="30070">
			<description></description>
			<posx>30</posx>
			<posy>100</posy>
			<width>680</width>
			<height>80</height>
			<font>font13</font>
			<textcolor>FFFFFFFF</textcolor>
			<pulseonselect>true</pulseonselect>
			<pagecontrol>30075</pagecontrol>
		</control>
		
		<!-- ** Scrollbar control for Description -->
  		<control type="scrollbar" id="30075">
			<posx>710</posx>
			<posy>105</posy>
			<width>25</width>
			<height>83</height>
			<texturesliderbackground border="0,14,0,14">ScrollBarV.png</texturesliderbackground>
			<texturesliderbar border="0,14,0,14">ScrollBarV_bar.png</texturesliderbar>
			<texturesliderbarfocus border="0,14,0,14">ScrollBarV_bar_focus.png</texturesliderbarfocus>
			<textureslidernib>ScrollBarNib.png</textureslidernib>
			<textureslidernibfocus>ScrollBarNib.png</textureslidernibfocus>
			<showonepage>false</showonepage>
			<orientation>vertical</orientation>
			<onleft>30081</onleft>
			<onright>30084</onright>
		</control>		
		
		<control type="group" id="30080">
		
			<!--  ** Previous screenshot (button) -->
			<control type="button" id="30081">
				<description>Screenshot - Previous button</description>
				<posx>55</posx>
				<posy>340</posy>
				<width>16</width>
				<height>32</height>
				<texturefocus>scroll-left-focus.png</texturefocus>
				<texturenofocus>scroll-left.png</texturenofocus>
				<onleft>30084</onleft>
				<onright>30084</onright>
				<onup>30075</onup>
				<ondown>30090</ondown>
			</control>
			
			<!-- ** Screenshot - Please wait... ** -->
			<control type="label" id="30082">
				<description>Screenshot - please wait...</description>
				<posx>240</posx>
				<posy>340</posy>
				<width>300</width>
				<align>center</align>
				<font>font13</font>
	            <textcolor>FFFFFFFF</textcolor>
			</control>		
			
			<!--  ** Screenshot ** -->
			<control type="image" id="30083">
				<description>Screenshot</description>
				<posx>110</posx>
				<posy>190</posy>
				<width>540</width>
				<height>330</height>
				<visible>true</visible>
				<texture></texture>
				<aspectratio>scale</aspectratio>
			</control>		
			
			<!-- ** Next screenshot (button) -->
			<control type="button" id="30084">
				<description>Screenshot - Next button</description>
				<posx>690</posx>
				<posy>340</posy>
				<width>16</width>
				<height>32</height>
				<texturefocus>scroll-right-focus.png</texturefocus>
				<texturenofocus>scroll-right.png</texturenofocus>
				<onleft>30081</onleft>
				<onright>30081</onright>
				<onup>30075</onup>
				<ondown>30090</ondown>
			</control>
			
		</control>
		
		<control type="group" id="30090">
		
			<!-- ** Install button ** -->
			<control type="button" id="30091">
				<description>Install Button</description>
				<posx>160</posx>
				<posy>550</posy>
				<width>200</width>
				<height>40</height>
				<align>center</align>
				<aligny>center</aligny>
				<font>font13</font>
				<textcolor>ffffffff</textcolor>
				<texturenofocus border="5">MenuItemNF.png</texturenofocus>
				<texturefocus border="5">button-focus.png</texturefocus>
				<disabledcolor>60d0d0d0</disabledcolor>
				<shadowcolor>ff000000</shadowcolor>
				<onup>30080</onup>
				<onleft>30092</onleft>
				<onright>30092</onright>
				<ondown>30080</ondown>
			</control>		
	
			<!-- ** Cancel button ** -->
			<control type="button" id="30092">
				<description>Cancel Button</description>
				<posx>380</posx>
				<posy>550</posy>
				<width>200</width>
				<height>40</height>
				<align>center</align>
				<aligny>center</aligny>
				<font>font13</font>
				<textcolor>ffffffff</textcolor>
				<texturenofocus border="5">MenuItemNF.png</texturenofocus>
				<texturefocus border="5">button-focus.png</texturefocus>
				<disabledcolor>60d0d0d0</disabledcolor>
				<shadowcolor>ff000000</shadowcolor>
				<onup>30080</onup>
				<onleft>30091</onleft>
				<onright>30091</onright>
				<ondown>30080</ondown>
			</control>
			
		</control>
	</controls>
</window>