<?xml version="1.0" encoding="UTF-8" standalone="yes"?>
<addon id="plugin.audio.tuneinradio4Xbox"
       name="TuneIn Radio XBMC4BOX"
       version="1.0.7"
       provider-name="Brian Hornsby">
  <requires>
    <import addon="xbmc.python" version="1.0"/>
    <import addon="script.module.simplejson" version="2.0.10"/>
  </requires>
  <extension point="xbmc.python.pluginsource"
            library="default.py">
        <provides>audio</provides>
  </extension>
  <extension point="xbmc.addon.metadata">
    <platform>xbox</platform>
    <summary lang="bg">Радио TuneIn</summary>
    <summary lang="en">TuneIn Radio</summary>
    <description lang="bg">Радио TuneIn е безплатна услуга, която ви позволява да слушате всичко, независимо къде се намирате. Каквото желаете - музика, спорт или новини. Радио TuneIn предлага над 50 000 станции от които да избирате. Можете да намерите местните станции или да откриете нови станции от целия свят. Радио TuneIn ви отвежда точно където желаете да сте.</description>
    <description lang="en">TuneIn Radio is a free service that lets you listen to anything in the world from wherever you are. Whether you want to hear music, sports, news or current events. TuneIn Radio offers over 50,000 stations for you to choose from. From finding local stations to discovering new stations from around the world, TuneIn Radio brings you to where you want to be.</description>
    <description lang="es">TuneIn Radio es un servicio gratuito que te permite escuchar cualquier cosa del mundo desde donde te encuentres. Si deseas escuchar música, deportes, noticias o eventos actuales. TuneIn Radio ofrece más de 50,000 estaciones radiales para escoger, desde estaciones locales hasta descubrir nuevas estaciones alrededor del mundo, TuneIn Radio te lleva a donde tu quieras estar.</description>
  </extension>
  <statfeed>
      <working>yes</working>
	  <notes>none</notes>
      <maintainer>kozz</maintainer>
  </statfeed>
</addon>
